t,scout_x,scout_y,scout_z,mship_x,mship_y,mship_z,sv_x,sv_y,sv_z,mv_x,mv_y,mv_z,r_rel_x,r_rel_y,r_rel_z,v_rel_x,v_rel_y,v_rel_z,lat_err_m,range_to_pad_m,aligned,docked,phase
0.0000,1.20148,0.02337,2.52028,1.20000,0.00000,0.55000,0.03554,0.56085,0.48673,-0.00000,0.54000,1.03673,0.00000,0.00000,1.95000,0.00000,0.00000,0.00000,0.000000,1.970419,1,0,DESCENDING
0.0417,1.20251,0.04672,2.54043,1.19979,0.02250,0.59315,0.02461,0.56033,0.48353,-0.01012,0.53991,1.03353,0.00169,0.00087,1.92713,0.04566,0.02095,-0.54680,0.001902,1.947427,1,0,DESCENDING
0.0833,1.20296,0.06998,2.56018,1.19916,0.04499,0.63604,0.01094,0.55836,0.47396,-0.02025,0.53962,1.02396,0.00335,0.00173,1.90439,0.04486,0.02071,-0.54043,0.003769,1.924303,1,0,DESCENDING
0.1250,1.20286,0.09314,2.57926,1.19810,0.06746,0.67839,-0.00233,0.55570,0.45808,-0.03036,0.53915,1.00808,0.00486,0.00252,1.88178,0.04130,0.01921,-0.53412,0.005473,1.901047,1,0,DESCENDING
0.1667,1.20224,0.11621,2.59743,1.19663,0.08992,0.71996,-0.01499,0.55374,0.43598,-0.04046,0.53848,0.98598,0.00624,0.00322,1.85930,0.03813,0.01722,-0.52790,0.007020,1.877662,1,0,DESCENDING
0.2083,1.20108,0.13919,2.61442,1.19473,0.11234,0.76048,-0.02792,0.55150,0.40781,-0.05055,0.53763,0.95781,0.00751,0.00387,1.83695,0.03556,0.01612,-0.52182,0.008449,1.854150,1,0,DESCENDING
0.2500,1.19940,0.16207,2.62999,1.19241,0.13472,0.79969,-0.04025,0.54914,0.37373,-0.06062,0.53659,0.92373,0.00866,0.00447,1.81473,0.03270,0.01491,-0.51592,0.009748,1.830515,1,0,DESCENDING
0.2917,1.19721,0.18483,2.64391,1.18968,0.15705,0.83737,-0.05259,0.54632,0.33395,-0.07067,0.53536,0.88395,0.00972,0.00502,1.79262,0.03042,0.01378,-0.51022,0.010940,1.806762,1,0,DESCENDING
0.3333,1.19452,0.20749,2.65594,1.18653,0.17933,0.87328,-0.06445,0.54392,0.28873,-0.08070,0.53394,0.83873,0.01068,0.00551,1.77063,0.02811,0.01238,-0.50477,0.012018,1.782896,1,0,DESCENDING
0.3750,1.19135,0.23003,2.66587,1.18295,0.20154,0.90720,-0.07621,0.54092,0.23833,-0.09069,0.53233,0.78833,0.01157,0.00595,1.74874,0.02624,0.01159,-0.49960,0.013011,1.758923,1,0,DESCENDING
0.4167,1.18771,0.25246,2.67350,1.17897,0.22368,0.93891,-0.08735,0.53835,0.18308,-0.10066,0.53054,0.73308,0.01238,0.00635,1.72696,0.02445,0.01038,-0.49474,0.013912,1.734848,1,0,DESCENDING
0.4583,1.18358,0.27481,2.67863,1.17457,0.24575,0.96822,-0.09897,0.53628,0.12330,-0.11059,0.52856,0.67330,0.01314,0.00672,1.70527,0.02324,0.00979,-0.49022,0.014757,1.710681,1,0,DESCENDING
0.5000,1.17899,0.29702,2.68111,1.16975,0.26773,0.99496,-0.11034,0.53295,0.05937,-0.12048,0.52639,0.60937,0.01383,0.00708,1.68367,0.02150,0.00989,-0.48607,0.015538,1.686428,1,0,DESCENDING
0.5417,1.17392,0.31907,2.68076,1.16453,0.28961,1.01895,-0.12164,0.52920,-0.00831,-0.13033,0.52404,0.54169,0.01446,0.00740,1.66216,0.01999,0.00891,-0.48232,0.016244,1.662097,1,0,DESCENDING
0.5833,1.16840,0.34098,2.67746,1.15889,0.31139,1.04005,-0.13232,0.52596,-0.07934,-0.14013,0.52150,0.47066,0.01502,0.00767,1.64071,0.01849,0.00770,-0.47898,0.016870,1.637697,1,0,DESCENDING
0.6250,1.16243,0.36278,2.67107,1.15285,0.33307,1.05813,-0.14341,0.52310,-0.15326,-0.14988,0.51878,0.39674,0.01555,0.00791,1.61932,0.01757,0.00718,-0.47607,0.017451,1.613238,1,0,DESCENDING
0.6667,1.15599,0.38444,2.66150,1.14640,0.35462,1.07308,-0.15464,0.51992,-0.22963,-0.15958,0.51588,0.32037,0.01603,0.00815,1.59799,0.01618,0.00722,-0.47363,0.017980,1.588729,1,0,DESCENDING
0.7083,1.14908,0.40595,2.64867,1.13955,0.37606,1.08480,-0.16583,0.51619,-0.30798,-0.16923,0.51280,0.24202,0.01643,0.00838,1.57670,0.01458,0.00712,-0.47165,0.018448,1.564180,1,0,DESCENDING
0.7500,1.14172,0.42732,2.63251,1.13230,0.39735,1.09323,-0.17655,0.51297,-0.38782,-0.17881,0.50954,0.16218,0.01677,0.00859,1.55544,0.01298,0.00665,-0.47016,0.018847,1.539602,1,0,DESCENDING
0.7917,1.13396,0.44853,2.61298,1.12465,0.41851,1.09830,-0.18615,0.50903,-0.46866,-0.18833,0.50609,0.08134,0.01707,0.00881,1.53421,0.01178,0.00688,-0.46916,0.019205,1.515004,1,0,DESCENDING
0.8333,1.12580,0.46957,2.59007,1.11661,0.43953,1.10000,-0.19591,0.50496,-0.55000,-0.19779,0.50247,0.00000,0.01736,0.00900,1.51298,0.01164,0.00656,-0.46866,0.019552,1.490397,1,0,DESCENDING
0.8750,1.11723,0.49043,2.56376,1.10817,0.46038,1.09830,-0.20568,0.50057,-0.63134,-0.20717,0.49868,-0.08134,0.01763,0.00919,1.49176,0.01126,0.00629,-0.46866,0.019879,1.465791,1,0,DESCENDING
0.9167,1.10823,0.51108,2.53409,1.09935,0.48108,1.09323,-0.21606,0.49571,-0.71218,-0.21649,0.49471,-0.16218,0.01789,0.00935,1.47053,0.01081,0.00587,-0.46916,0.020181,1.441197,1,0,DESCENDING
0.9583,1.09883,0.53158,2.50108,1.09013,0.50161,1.08480,-0.22565,0.49201,-0.79202,-0.22572,0.49056,-0.24202,0.01810,0.00947,1.44928,0.00966,0.00515,-0.47016,0.020427,1.416625,1,0,DESCENDING
1.0000,1.08903,0.55189,2.46482,1.08054,0.52196,1.07308,-0.23513,0.48728,-0.87037,-0.23488,0.48624,-0.32037,0.01829,0.00962,1.42800,0.00923,0.00577,-0.47165,0.020668,1.392086,1,0,DESCENDING
1.0417,1.07886,0.57199,2.42537,1.07056,0.54213,1.05813,-0.24397,0.48260,-0.94674,-0.24396,0.48175,-0.39674,0.01847,0.00976,1.40669,0.00883,0.00553,-0.47363,0.020890,1.367590,1,0,DESCENDING
1.0833,1.06831,0.59190,2.38284,1.06021,0.56210,1.04005,-0.25330,0.47778,-1.02066,-0.25295,0.47709,-0.47066,0.01866,0.00989,1.38532,0.00897,0.00551,-0.47607,0.021117,1.343146,1,0,DESCENDING
1.1250,1.05737,0.61159,2.33736,1.04948,0.58188,1.01895,-0.26261,0.47262,-1.09169,-0.26185,0.47227,-0.54169,0.01883,0.01002,1.36389,0.00855,0.00551,-0.47898,0.021328,1.318764,1,0,DESCENDING
1.1667,1.04603,0.63108,2.28905,1.03839,0.60146,0.99496,-0.27220,0.46756,-1.15937,-0.27066,0.46727,-0.60937,0.01898,0.01014,1.34240,0.00805,0.00534,-0.48232,0.021518,1.294453,1,0,DESCENDING
1.2083,1.03431,0.65035,2.23808,1.02693,0.62082,0.96822,-0.28123,0.46257,-1.22330,-0.27937,0.46212,-0.67330,0.01910,0.01026,1.32083,0.00716,0.00544,-0.48607,0.021677,1.270221,1,0,DESCENDING
1.2500,1.02222,0.66937,2.18462,1.01511,0.63996,0.93891,-0.29019,0.45642,-1.28308,-0.28798,0.45680,-0.73308,0.01920,0.01039,1.29917,0.00676,0.00577,-0.49022,0.021828,1.246077,1,0,DESCENDING
1.2917,1.00976,0.68817,2.12885,1.00293,0.65888,0.90720,-0.29892,0.45126,-1.33833,-0.29650,0.45132,-0.78833,0.01929,0.01048,1.27742,0.00631,0.00510,-0.49474,0.021951,1.222028,1,0,DESCENDING
1.3333,0.99694,0.70672,2.07099,0.99040,0.67757,0.87328,-0.30762,0.44516,-1.38873,-0.30491,0.44568,-0.83873,0.01936,0.01060,1.25557,0.00598,0.00558,-0.49960,0.022071,1.198081,1,0,DESCENDING
1.3750,0.98376,0.72500,2.01124,0.97752,0.69602,0.83737,-0.31644,0.43883,-1.43395,-0.31321,0.43989,-0.88395,0.01942,0.01070,1.23362,0.00559,0.00527,-0.50477,0.022171,1.174243,1,0,DESCENDING
1.4167,0.97023,0.74302,1.94984,0.96430,0.71423,0.79969,-0.32483,0.43235,-1.47373,-0.32140,0.43394,-0.92373,0.01946,0.01078,1.21155,0.00496,0.00489,-0.51022,0.022241,1.150518,1,0,DESCENDING
1.4583,0.95637,0.76077,1.88701,0.95074,0.73218,0.76048,-0.33249,0.42604,-1.50781,-0.32948,0.42783,-0.95781,0.01948,0.01084,1.18936,0.00465,0.00451,-0.51592,0.022294,1.126913,1,0,DESCENDING
1.5000,0.94218,0.77827,1.82301,0.93685,0.74988,0.71996,-0.34048,0.42015,-1.53598,-0.33744,0.42158,-0.98598,0.01952,0.01089,1.16705,0.00495,0.00446,-0.52182,0.022356,1.103431,1,0,DESCENDING
1.5417,0.92769,0.79551,1.75809,0.92262,0.76731,0.67839,-0.34793,0.41358,-1.55808,-0.34529,0.41518,-1.00808,0.01956,0.01097,1.14462,0.00480,0.00497,-0.52790,0.022424,1.080077,1,0,DESCENDING
1.5833,0.91287,0.81247,1.69251,0.90808,0.78447,0.63604,-0.35564,0.40715,-1.57396,-0.35301,0.40863,-1.02396,0.01961,0.01103,1.12205,0.00508,0.00495,-0.53412,0.022503,1.056854,1,0,DESCENDING
1.6250,0.89773,0.82913,1.62653,0.89321,0.80136,0.59315,-0.36341,0.39977,-1.58353,-0.36061,0.40194,-1.03353,0.01966,0.01111,1.09936,0.00497,0.00520,-0.54043,0.022583,1.033761,1,0,DESCENDING
1.6667,0.88228,0.84551,1.56042,0.87803,0.81797,0.55000,-0.37078,0.39311,-1.58673,-0.36808,0.39511,-1.03673,0.01970,0.01116,1.07653,0.00467,0.00466,-0.54680,0.022643,1.010801,1,0,DESCENDING
1.7083,0.86652,0.86158,1.49444,0.86254,0.83428,0.50685,-0.37808,0.38576,-1.58353,-0.37543,0.38814,-1.03353,0.01974,0.01122,1.05357,0.00465,0.00497,-0.55320,0.022709,0.987974,1,0,DESCENDING
1.7500,0.85046,0.87735,1.42885,0.84674,0.85031,0.46396,-0.38544,0.37838,-1.57396,-0.38264,0.38103,-1.02396,0.01978,0.01127,1.03048,0.00456,0.00473,-0.55957,0.022768,0.965279,1,0,DESCENDING
1.7917,0.83410,0.89283,1.36393,0.83065,0.86604,0.42161,-0.39270,0.37149,-1.55808,-0.38972,0.37379,-1.00808,0.01981,0.01131,1.00725,0.00427,0.00459,-0.56588,0.022815,0.942717,1,0,DESCENDING
1.8333,0.81747,0.90800,1.29994,0.81427,0.88146,0.38004,-0.39922,0.36426,-1.53598,-0.39666,0.36642,-0.98598,0.01983,0.01137,0.98389,0.00395,0.00506,-0.57210,0.022861,0.920283,1,0,DESCENDING
1.8750,0.80055,0.92287,1.23711,0.79760,0.89657,0.33952,-0.40592,0.35687,-1.50781,-0.40346,0.35892,-0.95781,0.01987,0.01143,0.96041,0.00423,0.00534,-0.57818,0.022924,0.897976,1,0,DESCENDING
1.9167,0.78336,0.93742,1.17570,0.78065,0.91137,0.30031,-0.41267,0.34910,-1.47373,-0.41011,0.35129,-0.92373,0.01991,0.01151,0.93680,0.00420,0.00558,-0.58408,0.022993,0.875791,1,0,DESCENDING
1.9583,0.76588,0.95164,1.11596,0.76342,0.92584,0.26263,-0.41948,0.34120,-1.43395,-0.41663,0.34354,-0.88395,0.01994,0.01158,0.91308,0.00396,0.00556,-0.58978,0.023053,0.853724,1,0,DESCENDING
2.0000,0.74817,0.96553,1.05809,0.74593,0.93999,0.22672,-0.42520,0.33349,-1.38873,-0.42300,0.33567,-0.83873,0.01995,0.01164,0.88924,0.00352,0.00553,-0.59523,0.023099,0.831770,1,0,DESCENDING
2.0417,0.73018,0.97908,1.00233,0.72818,0.95381,0.19280,-0.43159,0.32522,-1.33833,-0.42922,0.32768,-0.78833,0.01999,0.01172,0.86529,0.00402,0.00581,-0.60040,0.023170,0.809922,1,0,DESCENDING
2.0833,0.71193,0.99230,0.94887,0.71017,0.96730,0.16109,-0.43803,0.31711,-1.28308,-0.43528,0.31957,-0.73308,0.02002,0.01179,0.84124,0.00369,0.00565,-0.60526,0.023228,0.788174,1,0,DESCENDING
2.1250,0.69344,1.00514,0.89790,0.69191,0.98044,0.13178,-0.44388,0.30831,-1.22330,-0.44120,0.31136,-0.67330,0.02003,0.01185,0.81709,0.00317,0.00575,-0.60978,0.023271,0.766519,1,0,DESCENDING
2.1667,0.67471,1.01763,0.84959,0.67340,0.99324,0.10504,-0.44952,0.29970,-1.15937,-0.44696,0.30303,-0.60937,0.02003,0.01190,0.79286,0.00308,0.00528,-0.61393,0.023302,0.744949,1,0,DESCENDING
2.2083,0.65576,1.02977,0.80410,0.65466,1.00569,0.08105,-0.45472,0.29125,-1.09169,-0.45256,0.29460,-0.54169,0.02004,0.01194,0.76854,0.00304,0.00511,-0.61768,0.023330,0.723456,1,0,DESCENDING
2.2500,0.63661,1.04154,0.76157,0.63569,1.01779,0.05995,-0.45967,0.28252,-1.02066,-0.45801,0.28606,-0.47066,0.02007,0.01197,0.74416,0.00329,0.00519,-0.62102,0.023370,0.702031,1,0,DESCENDING
2.2917,0.61723,1.05295,0.72213,0.61650,1.02953,0.04187,-0.46514,0.27392,-0.94674,-0.46329,0.27742,-0.39674,0.02011,0.01201,0.71971,0.00362,0.00509,-0.62393,0.023422,0.680664,1,0,DESCENDING
2.3333,0.59764,1.06401,0.68586,0.59709,1.04091,0.02692,-0.47003,0.26532,-0.87037,-0.46841,0.26869,-0.32037,0.02014,0.01204,0.69521,0.00327,0.00523,-0.62637,0.023466,0.659348,1,0,DESCENDING
2.3750,0.57783,1.07469,0.65286,0.57746,1.05192,0.01520,-0.47548,0.25649,-0.79202,-0.47336,0.25986,-0.24202,0.02018,0.01209,0.67067,0.00333,0.00546,-0.62835,0.023519,0.638071,1,0,DESCENDING
2.4167,0.55781,1.08500,0.62319,0.55764,1.06256,0.00677,-0.48035,0.24736,-0.71218,-0.47815,0.25094,-0.16218,0.02019,0.01213,0.64609,0.00268,0.00555,-0.62984,0.023553,0.616824,1,0,DESCENDING
2.4583,0.53760,1.09495,0.59688,0.53762,1.07283,0.00170,-0.48522,0.23884,-0.63134,-0.48277,0.24193,-0.08134,0.02019,0.01217,0.62149,0.00243,0.00543,-0.63084,0.023577,0.595597,1,0,DESCENDING
2.5000,0.51719,1.10451,0.57396,0.51741,1.08272,0.00000,-0.48983,0.22939,-0.55000,-0.48722,0.23284,-0.00000,0.02019,0.01223,0.59688,0.00200,0.00600,-0.63134,0.023601,0.574378,1,0,DESCENDING
2.5417,0.49661,1.11368,0.55444,0.49702,1.09223,0.00170,-0.49391,0.22016,-0.46866,-0.49150,0.22366,0.08134,0.02017,0.01228,0.57227,0.00168,0.00573,-0.63134,0.023610,0.553158,1,0,DESCENDING
2.5833,0.47586,1.12248,0.53828,0.47646,1.10136,0.00677,-0.49803,0.21107,-0.38782,-0.49561,0.21440,0.16218,0.02015,0.01232,0.54767,0.00170,0.00576,-0.63084,0.023622,0.531926,1,0,DESCENDING
2.6250,0.45495,1.13088,0.52545,0.45572,1.11010,0.01520,-0.50181,0.20177,-0.30798,-0.49954,0.20508,0.24202,0.02013,0.01238,0.52308,0.00151,0.00600,-0.62984,0.023635,0.510673,1,0,DESCENDING
2.6667,0.43390,1.13890,0.51588,0.43483,1.11845,0.02692,-0.50526,0.19235,-0.22963,-0.50330,0.19567,0.32037,0.02012,0.01244,0.49853,0.00149,0.00610,-0.62835,0.023652,0.489387,1,0,DESCENDING
2.7083,0.41269,1.14651,0.50949,0.41378,1.12640,0.04187,-0.50904,0.18266,-0.15326,-0.50688,0.18620,0.39674,0.02011,0.01250,0.47401,0.00162,0.00615,-0.62637,0.023678,0.468058,1,0,DESCENDING
2.7500,0.39133,1.15372,0.50619,0.39259,1.13396,0.05995,-0.51262,0.17309,-0.07934,-0.51028,0.17667,0.47066,0.02009,0.01255,0.44954,0.00124,0.00599,-0.62393,0.023689,0.446678,1,0,DESCENDING
2.7917,0.36982,1.16050,0.50584,0.37126,1.14112,0.08105,-0.51617,0.16281,-0.00831,-0.51351,0.16707,0.54169,0.02006,0.01260,0.42514,0.00089,0.00602,-0.62102,0.023691,0.425236,1,0,DESCENDING
2.8333,0.34819,1.16687,0.50831,0.34980,1.14788,0.10504,-0.51914,0.15266,0.05937,-0.51655,0.15741,0.60937,0.02002,0.01262,0.40080,0.00038,0.00540,-0.61768,0.023664,0.403722,1,0,DESCENDING
2.8750,0.32642,1.17283,0.51345,0.32822,1.15424,0.13178,-0.52255,0.14305,0.12330,-0.51941,0.14770,0.67330,0.01997,0.01262,0.37654,0.00027,0.00496,-0.61393,0.023626,0.382130,1,0,DESCENDING
2.9167,0.30453,1.17839,0.52108,0.30652,1.16019,0.16109,-0.52536,0.13345,0.18308,-0.52209,0.13793,0.73308,0.01990,0.01263,0.35236,-0.00046,0.00512,-0.60978,0.023568,0.360452,1,0,DESCENDING
2.9583,0.28253,1.18352,0.53204,0.28471,1.16573,0.19280,-0.52788,0.12327,0.26309,-0.52458,0.12812,0.78833,0.01981,0.01265,0.32828,-0.00078,0.00533,-0.60526,0.023507,0.339710,1,0,DESCENDING
3.0000,0.26043,1.18824,0.54663,0.26281,1.17087,0.22672,-0.53043,0.11324,0.35021,-0.52689,0.11826,0.83873,0.01972,0.01265,0.30532,-0.00099,0.00501,-0.57564,0.023433,0.320395,1,0,DESCENDING
3.0417,0.23824,1.19254,0.56453,0.24081,1.17559,0.26263,-0.53247,0.10310,0.42954,-0.52902,0.10836,0.88395,0.01962,0.01265,0.28401,-0.00142,0.00488,-0.53374,0.023345,0.302391,1,0,DESCENDING
3.0833,0.21598,1.19640,0.58540,0.21873,1.17990,0.30031,-0.53430,0.09271,0.50097,-0.53095,0.09843,0.92373,0.01952,0.01264,0.26423,-0.00151,0.00467,-0.49419,0.023252,0.285589,1,0,DESCENDING
3.1250,0.19365,1.19983,0.60892,0.19657,1.18379,0.33952,-0.53585,0.08223,0.56440,-0.53271,0.08845,0.95781,0.01942,0.01261,0.24588,-0.00159,0.00425,-0.45684,0.023150,0.269889,1,0,DESCENDING
3.1667,0.17127,1.20285,0.63475,0.17434,1.18727,0.38004,-0.53728,0.07256,0.61978,-0.53427,0.07845,0.98598,0.01932,0.01256,0.22888,-0.00158,0.00378,-0.42158,0.023040,0.255199,1,0,DESCENDING
3.2083,0.14884,1.20548,0.66254,0.15205,1.19033,0.42161,-0.53813,0.06319,0.66706,-0.53565,0.06842,1.00808,0.01922,0.01252,0.21314,-0.00164,0.00413,-0.38830,0.022939,0.241431,1,0,DESCENDING
3.2500,0.12636,1.20771,0.69197,0.12970,1.19297,0.46396,-0.53964,0.05345,0.70624,-0.53684,0.05837,1.02396,0.01914,0.01251,0.19858,-0.00129,0.00482,-0.35691,0.022869,0.228505,1,0,DESCENDING
3.2917,0.10386,1.20953,0.72269,0.10731,1.19519,0.50685,-0.54010,0.04372,0.73734,-0.53784,0.04829,1.03353,0.01905,0.01252,0.18512,-0.00181,0.00516,-0.32729,0.022792,0.216344,1,0,DESCENDING
3.3333,0.08131,1.21094,0.75437,0.08488,1.19699,0.55000,-0.54104,0.03375,0.76042,-0.53865,0.03820,1.03673,0.01897,0.01254,0.17269,-0.00145,0.00552,-0.29938,0.022739,0.204879,1,0,DESCENDING
3.3750,0.05877,1.21190,0.78669,0.06243,1.19838,0.59315,-0.54092,0.02314,0.77558,-0.53927,0.02809,1.03353,0.01889,0.01256,0.16122,-0.00177,0.00566,-0.27311,0.022681,0.194042,1,0,DESCENDING
3.4167,0.03623,1.21246,0.81931,0.03995,1.19933,0.63604,-0.54106,0.01336,0.78292,-0.53970,0.01798,1.02396,0.01883,0.01257,0.15065,-0.00122,0.00517,-0.24838,0.022635,0.183778,1,0,DESCENDING
3.4583,0.01367,1.21260,0.85192,0.01745,1.19987,0.67839,-0.54142,0.00342,0.78262,-0.53994,0.00785,1.00808,0.01878,0.01258,0.14092,-0.00111,0.00551,-0.22516,0.022603,0.174031,1,0,DESCENDING
3.5000,-0.00890,1.21231,0.88420,-0.00504,1.19999,0.71996,-0.54172,-0.00699,0.77485,-0.54000,-0.00227,0.98598,0.01872,0.01261,0.13196,-0.00143,0.00569,-0.20337,0.022568,0.164752,1,0,DESCENDING
3.5417,-0.03147,1.21160,0.91586,-0.02754,1.19968,0.76048,-0.54172,-0.01708,0.75984,-0.53986,-0.01239,0.95781,0.01864,0.01263,0.12373,-0.00186,0.00541,-0.18296,0.022515,0.155894,1,0,DESCENDING
3.5833,-0.05403,1.21048,0.94661,-0.05003,1.19896,0.79969,-0.54127,-0.02691,0.73786,-0.53953,-0.02251,0.92373,0.01856,0.01264,0.11617,-0.00219,0.00543,-0.16389,0.022454,0.147419,1,0,DESCENDING
3.6250,-0.07656,1.20893,0.97616,-0.07250,1.19781,0.83737,-0.54089,-0.03709,0.70918,-0.53901,-0.03263,0.88395,0.01848,0.01267,0.10923,-0.00226,0.00571,-0.14610,0.022401,0.139288,1,0,DESCENDING
3.6667,-0.09905,1.20697,1.00425,-0.09495,1.19624,0.87328,-0.53971,-0.04705,0.67413,-0.53831,-0.04273,0.83873,0.01838,0.01269,0.10288,-0.00258,0.00563,-0.12955,0.022339,0.131468,1,0,DESCENDING
3.7083,-0.12151,1.20460,1.03062,-0.11736,1.19425,0.90720,-0.53907,-0.05697,0.63305,-0.53741,-0.05281,0.78833,0.01831,0.01272,0.09705,-0.00230,0.00576,-0.11421,0.022293,0.123930,1,0,DESCENDING
3.7500,-0.14393,1.20181,1.05505,-0.13973,1.19184,0.93891,-0.53797,-0.06697,0.58633,-0.53633,-0.06288,0.73308,0.01822,0.01276,0.09171,-0.00274,0.00591,-0.10002,0.022240,0.116648,1,0,DESCENDING
3.7917,-0.16628,1.19861,1.07732,-0.16205,1.18901,0.96822,-0.53642,-0.07670,0.53437,-0.53505,-0.07292,0.67330,0.01812,0.01280,0.08683,-0.00292,0.00595,-0.08697,0.022185,0.109600,1,0,DESCENDING
3.8333,-0.18856,1.19497,1.09722,-0.18431,1.18576,0.99496,-0.53474,-0.08739,0.47760,-0.53359,-0.08294,0.60937,0.01803,0.01285,0.08236,-0.00283,0.00624,-0.07500,0.022144,0.102761,1,0,DESCENDING
3.8750,-0.21078,1.19092,1.11457,-0.20651,1.18210,1.01895,-0.53335,-0.09722,0.41646,-0.53194,-0.09293,0.54169,0.01795,0.01287,0.07827,-0.00279,0.00554,-0.06409,0.022091,0.096121,1,0,DESCENDING
3.9167,-0.23292,1.18647,1.12921,-0.22864,1.17802,1.04005,-0.53142,-0.10687,0.35143,-0.53011,-0.10289,0.47066,0.01786,0.01290,0.07452,-0.00325,0.00566,-0.05420,0.022029,0.089663,1,0,DESCENDING
3.9583,-0.25497,1.18159,1.14101,-0.25068,1.17352,1.05813,-0.52912,-0.11709,0.28301,-0.52809,-0.11281,0.39674,0.01776,0.01294,0.07108,-0.00334,0.00594,-0.04530,0.021975,0.083375,1,0,DESCENDING
4.0000,-0.27690,1.17628,1.14983,-0.27264,1.16862,1.07308,-0.52638,-0.12730,0.21168,-0.52588,-0.12269,0.32037,0.01767,0.01297,0.06793,-0.00324,0.00560,-0.03736,0.021920,0.077245,1,0,DESCENDING
4.0417,-0.29876,1.17059,1.15558,-0.29450,1.16330,1.08480,-0.52447,-0.13652,0.13798,-0.52348,-0.13253,0.24202,0.01760,0.01298,0.06502,-0.00289,0.00523,-0.03033,0.021872,0.071275,1,0,DESCENDING
4.0833,-0.32052,1.16450,1.15818,-0.31626,1.15757,1.09323,-0.52233,-0.14616,0.06242,-0.52091,-0.14232,0.16218,0.01751,0.01302,0.06235,-0.00356,0.00580,-0.02420,0.021819,0.065456,1,0,DESCENDING
4.1250,-0.34215,1.15801,1.15757,-0.33791,1.15144,1.09830,-0.51906,-0.15593,-0.01446,-0.51815,-0.15206,0.08134,0.01739,0.01306,0.05987,-0.00418,0.00590,-0.01892,0.021752,0.059783,1,0,DESCENDING
4.1667,-0.36366,1.15112,1.15374,-0.35944,1.14490,1.10000,-0.51642,-0.16539,-0.09212,-0.51521,-0.16175,0.00000,0.01729,0.01310,0.05757,-0.00385,0.00581,-0.01446,0.021697,0.054259,1,0,DESCENDING
4.2083,-0.38506,1.14380,1.14665,-0.38084,1.13796,1.09830,-0.51353,-0.17554,-0.17003,-0.51208,-0.17138,-0.08134,0.01718,0.01315,0.05543,-0.00434,0.00599,-0.01078,0.021636,0.048881,1,0,DESCENDING
4.2500,-0.40631,1.13610,1.13633,-0.40211,1.13062,1.09323,-0.51008,-0.18495,-0.24766,-0.50878,-0.18095,-0.16218,0.01705,0.01318,0.05342,-0.00475,0.00541,-0.00785,0.021550,0.043653,1,0,DESCENDING
4.2917,-0.42741,1.12800,1.12281,-0.42324,1.12288,1.08480,-0.50623,-0.19426,-0.32447,-0.50530,-0.19046,-0.24202,0.01692,0.01321,0.05153,-0.00478,0.00551,-0.00564,0.021470,0.038579,1,0,DESCENDING
4.3333,-0.44834,1.11951,1.10615,-0.44422,1.11475,1.07308,-0.50244,-0.20384,-0.39994,-0.50164,-0.19990,-0.32037,0.01681,0.01325,0.04973,-0.00459,0.00563,-0.00410,0.021403,0.033662,1,0,DESCENDING
4.3750,-0.46912,1.11062,1.08642,-0.46504,1.10623,1.05813,-0.49872,-0.21339,-0.47356,-0.49780,-0.20927,-0.39674,0.01670,0.01328,0.04802,-0.00464,0.00543,-0.00320,0.021334,0.028912,1,0,DESCENDING
4.4167,-0.48972,1.10133,1.06372,-0.48570,1.09731,1.04005,-0.49426,-0.22284,-0.54485,-0.49379,-0.21856,-0.47066,0.01658,0.01330,0.04636,-0.00493,0.00518,-0.00290,0.021253,0.024335,1,0,DESCENDING
4.4583,-0.51012,1.09165,1.03816,-0.50619,1.08801,1.01895,-0.48967,-0.23229,-0.61331,-0.48961,-0.22778,-0.54169,0.01647,0.01332,0.04476,-0.00466,0.00494,-0.00316,0.021180,0.019942,1,0,DESCENDING
4.5000,-0.53034,1.08159,1.00989,-0.52650,1.07833,0.99496,-0.48528,-0.24144,-0.67849,-0.48525,-0.23692,-0.60937,0.01638,0.01332,0.04320,-0.00442,0.00463,-0.00394,0.021109,0.015759,1,0,DESCENDING
4.5417,-0.55037,1.07116,0.97906,-0.54662,1.06827,0.96822,-0.48060,-0.25032,-0.73997,-0.48072,-0.24598,-0.67330,0.01628,0.01332,0.04167,-0.00456,0.00453,-0.00520,0.021036,0.011823,1,0,DESCENDING
4.5833,-0.57018,1.06038,0.94584,-0.56655,1.05784,0.93891,-0.47564,-0.25876,-0.79732,-0.47603,-0.25495,-0.73308,0.01619,0.01333,0.04015,-0.00458,0.00463,-0.00689,0.020969,0.008225,1,0,DESCENDING
4.6250,-0.58979,1.04922,0.91041,-0.58629,1.04703,0.90720,-0.47064,-0.26775,-0.85016,-0.47116,-0.26383,-0.78833,0.01610,0.01335,0.03864,-0.00447,0.00507,-0.00898,0.020920,0.005241,1,0,DESCENDING
4.6667,-0.60920,1.03770,0.87299,-0.60582,1.03585,0.87328,-0.46575,-0.27659,-0.89814,-0.46613,-0.27262,-0.83873,0.01602,0.01337,0.03713,-0.00451,0.00487,-0.01143,0.020870,0.003867,1,0,DESCENDING
4.7083,-0.62837,1.02580,0.83379,-0.62513,1.02431,0.83737,-0.46014,-0.28557,-0.94094,-0.46094,-0.28131,-0.88395,0.01593,0.01339,0.03562,-0.00481,0.00472,-0.01419,0.020810,0.005061,1,0,DESCENDING
4.7500,-0.64731,1.01355,0.79302,-0.64422,1.01241,0.79969,-0.45460,-0.29397,-0.97827,-0.45558,-0.28990,-0.92373,0.01585,0.01339,0.03409,-0.00456,0.00433,-0.01721,0.020752,0.007440,1,0,DESCENDING
4.7917,-0.66602,1.00094,0.75095,-0.66309,1.00015,0.76048,-0.44895,-0.30264,-1.00989,-0.45007,-0.29839,-0.95781,0.01578,0.01340,0.03255,-0.00453,0.00443,-0.02046,0.020701,0.010001,1,0,DESCENDING
4.8333,-0.68447,0.98798,0.70996,-0.68173,0.98755,0.71996,-0.44280,-0.31102,-1.03556,-0.44440,-0.30678,-0.98598,0.01571,0.01340,0.03099,-0.00455,0.00413,-0.02390,0.020645,0.010378,1,0,DESCENDING
4.8750,-0.70267,0.97469,0.66839,-0.70012,0.97459,0.67839,-0.43669,-0.31893,-1.05858,-0.43857,-0.31506,-1.00808,0.01565,0.01339,0.03156,-0.00423,0.00404,-0.02748,0.020601,0.010318,1,0,DESCENDING
4.9167,-0.72059,0.96106,0.62604,-0.71827,0.96129,0.63604,-0.43022,-0.32723,-1.07573,-0.43258,-0.32322,-1.02396,0.01561,0.01340,0.03236,-0.00411,0.00429,-0.03462,0.020572,0.010268,1,0,DESCENDING
4.9583,-0.73826,0.94709,0.58315,-0.73617,0.94766,0.59315,-0.42415,-0.33522,-1.08615,-0.42645,-0.33128,-1.03353,0.01558,0.01340,0.03289,-0.00378,0.00405,-0.04220,0.020551,0.010233,1,0,DESCENDING
5.0000,-0.75567,0.93277,0.54000,-0.75381,0.93369,0.55000,-0.41783,-0.34378,-1.08977,-0.42016,-0.33921,-1.03673,0.01554,0.01341,0.03315,-0.00399,0.00399,-0.04942,0.020526,0.010214,1,0,DESCENDING
5.0417,-0.77280,0.91812,0.49685,-0.77118,0.91939,0.50685,-0.41090,-0.35158,-1.08657,-0.41373,-0.34703,-1.03353,0.01551,0.01338,0.03315,-0.00410,0.00325,-0.05624,0.020481,0.010209,1,0,DESCENDING
5.0833,-0.78963,0.90314,0.45396,-0.78828,0.90477,0.46396,-0.40402,-0.35961,-1.07658,-0.40715,-0.35473,-1.02396,0.01549,0.01335,0.03289,-0.00376,0.00314,-0.06261,0.020447,0.010222,1,0,DESCENDING
5.1250,-0.80616,0.88783,0.41161,-0.80511,0.88983,0.42161,-0.39684,-0.36730,-1.05985,-0.40042,-0.36230,-1.00808,0.01548,0.01330,0.03236,-0.00359,0.00269,-0.06850,0.020411,0.010253,1,0,DESCENDING
5.1667,-0.82241,0.87220,0.37004,-0.82165,0.87458,0.38004,-0.39000,-0.37510,-1.03649,-0.39356,-0.36974,-0.98598,0.01549,0.01325,0.03156,-0.00328,0.00244,-0.07387,0.020382,0.010307,1,0,DESCENDING
5.2083,-0.83837,0.85627,0.32952,-0.83790,0.85902,0.33952,-0.38306,-0.38237,-1.00664,-0.38656,-0.37706,-0.95781,0.01549,0.01318,0.03052,-0.00344,0.00196,-0.07868,0.020338,0.010382,1,0,DESCENDING
5.2500,-0.83837,0.85627,0.32952,-0.85386,0.84316,0.30031,-0.37942,-0.38424,-0.92373,-0.37942,-0.38424,-0.92373,0.01549,0.01311,0.02922,-0.00363,0.00187,-0.08291,0.020291,0.035573,1,1,DOCKED
